Craft,January,9
Tour De France,January,0
Exhibitions,January,34
Fair,January,0
Film,January,28
Food & Drink,January,1
Heritage,January,1
Literature,January,14
Market,January,1
Museum,January,5
Music,January,16
Performance,January,17
Outdoor,January,3
Social,January,28
Sport,January,7
VisualArt,January,27
Workshop,January,23
Festival,January,5
Craft,February,14
Tour De France,February,0
Exhibitions,February,33
Fair,February,1
Film,February,50
Food & Drink,February,4
Heritage,February,4
Literature,February,17
Market,February,2
Museum,February,10
Music,February,25
Performance,February,14
Outdoor,February,5
Social,February,26
Sport,February,11
VisualArt,February,27
Workshop,February,42
Festival,February,0
Craft,March,34
Tour De France,March,0
Exhibitions,March,48
Fair,March,3
Film,March,52
Food & Drink,March,5
Heritage,March,6
Literature,March,43
Market,March,2
Museum,March,21
Music,March,28
Performance,March,34
Outdoor,March,10
Social,March,41
Sport,March,11
VisualArt,March,49
Workshop,March,60
Festival,March,10
Craft,April,39
Tour De France,April,0
Exhibitions,April,38
Fair,April,2
Film,April,32
Food & Drink,April,11
Heritage,April,5
Literature,April,27
Market,April,2
Museum,April,19
Music,April,26
Performance,April,30
Outdoor,April,16
Social,April,45
Sport,April,8
VisualArt,April,44
Workshop,April,69
Festival,April,7
Craft,May,25
Tour De France,May,0
Exhibitions,May,37
Fair,May,1
Film,May,38
Food & Drink,May,17
Heritage,May,5
Literature,May,29
Market,May,1
Museum,May,12
Music,May,34
Performance,May,33
Outdoor,May,20
Social,May,36
Sport,May,11
VisualArt,May,30
Workshop,May,62
Festival,May,9
Craft,June,36
Tour De France,June,0
Exhibitions,June,30
Fair,June,3
Film,June,37
Food & Drink,June,21
Heritage,June,7
Literature,June,40
Market,June,2
Museum,June,11
Music,June,34
Performance,June,18
Outdoor,June,23
Social,June,33
Sport,June,12
VisualArt,June,29
Workshop,June,82
Festival,June,12
Craft,July,31
Tour De France,July,0
Exhibitions,July,33
Fair,July,4
Film,July,25
Food & Drink,July,10
Heritage,July,7
Literature,July,14
Market,July,3
Museum,July,19
Music,July,16
Performance,July,11
Outdoor,July,39
Social,July,35
Sport,July,7
VisualArt,July,23
Workshop,July,53
Festival,July,10
Craft,August,27
Tour De France,August,0
Exhibitions,August,20
Fair,August,4
Film,August,37
Food & Drink,August,10
Heritage,August,4
Literature,August,13
Market,August,3
Museum,August,9
Music,August,21
Performance,August,8
Outdoor,August,31
Social,August,21
Sport,August,4
VisualArt,August,23
Workshop,August,36
Festival,August,4
Craft,September,24
Tour De France,September,0
Exhibitions,September,33
Fair,September,4
Film,September,38
Food & Drink,September,20
Heritage,September,10
Literature,September,11
Market,September,4
Museum,September,12
Music,September,30
Performance,September,16
Outdoor,September,23
Social,September,25
Sport,September,15
VisualArt,September,25
Workshop,September,38
Festival,September,2
Craft,October,33
Tour De France,October,0
Exhibitions,October,37
Fair,October,3
Film,October,55
Food & Drink,October,17
Heritage,October,8
Literature,October,35
Market,October,4
Museum,October,30
Music,October,37
Performance,October,27
Outdoor,October,21
Social,October,35
Sport,October,6
VisualArt,October,34
Workshop,October,62
Festival,October,7
Craft,November,36
Tour De France,November,0
Exhibitions,November,36
Fair,November,8
Film,November,63
Food & Drink,November,21
Heritage,November,3
Literature,November,15
Market,November,10
Museum,November,16
Music,November,45
Performance,November,32
Outdoor,November,23
Social,November,31
Sport,November,11
VisualArt,November,35
Workshop,November,59
Festival,November,4
Craft,December,37
Tour De France,December,0
Exhibitions,December,29
Fair,December,7
Film,December,50
Food & Drink,December,11
Heritage,December,7
Literature,December,6
Market,December,13
Museum,December,22
Music,December,57
Performance,December,6
Outdoor,December,5
Social,December,20
Sport,December,9
VisualArt,December,23
Workshop,December,53
Festival,December,1
